T4260,FC0161,BL
T4280,FC0160,BL
S2763,FC0159,CA
S2763,FC0159,BA
S2763,FC0159,GH
S2763,FC0159,GJ
S2763,FC0159,GS
S2763,FC0159,GV
S6523,FC0158,GV
S6543,FC0158,GV
S6523,FC0158,GS
S6543,FC0158,GS
S6543,FC0158,GJ
S6523,FC0158,GH
S6543,FC0158,GH
S6523,FC0158,CA
S6543,FC0158,CA
S6523,FC0158,BA
S6543,FC0158,BA
S4072,FC0157,BA
S4072,FC0157,GJ
S4072,FC0157,GS
S4072,FC0157,GV
S4039,FC0156,GV
S4039,FC0156,GS
S4039,FC0156,CA
S2010,FC0155,CA
S2010,FC0155,BA
S2010,FC0155,GH
S2010,FC0155,GJ
S2010,FC0155,GS
S2010,FC0155,GV
S2590,FC0154,GV
S2590,FC0154,GS
S2590,FC0154,GJ
S2590,FC0154,GH
S2590,FC0154,BA
S2590,FC0154,CA
S8636,FC0153,BA
S8636,FC0153,GH
S8636,FC0153,GS
S8636,FC0153,GV
S2570,FC0152,GV
S2570,FC0152,GS
S2570,FC0152,GH
S2570,FC0152,CA
S2570,FC0152,BA
S8302,FC0151,GV
S8249,FC0150,GV
S8267,FC0150,GV
S8269,FC0150,GV
S8271,FC0150,GV
S8181,FC0149,GV
S8072,FC0149,GV
S8085,FC0149,GV
S8072,FC0149,GS
S8181,FC0149,GS
S8085,FC0149,GS
S8072,FC0149,GJ
S8072,FC0149,BA
S8085,FC0149,BA
S8181,FC0149,BA
S8072,FC0149,CA
S8085,FC0149,CA
S4033,FC0148,CA
S4033,FC0148,GS
S4033,FC0148,GV
S4505,FC0147,GV
S4507,FC0147,GV
S4507,FC0147,GS
S4505,FC0147,BA
S4507,FC0147,BA
S4506,FC0146,BA
S4506,FC0146,GS
S4506,FC0146,GV
S8336,FC0145,GV
S8336,FC0145,GJ
S8062,FC0144,GJ
S8151,FC0144,GS
S8165,FC0144,GS
S8168,FC0144,GS
S8062,FC0144,GS
S8075,FC0144,GS
S8151,FC0144,GV
S8165,FC0144,GV
S8168,FC0144,GV
S8062,FC0144,GV
S8075,FC0144,GV
S8151,FC0144,BA
S8165,FC0144,BA
S8168,FC0144,BA
S8075,FC0144,BA
S8062,FC0144,BA
S8075,FC0144,CA
S8062,FC0144,CA
S8268,FC0143,GV
S8270,FC0143,GV
S4670,FC0142,GV
S4670,FC0142,GS
S4670,FC0142,GJ
S4670,FC0142,CA
S4670,FC0142,GH
S4670,FC0142,BA
S3200,FC0141,GJ
S3200,FC0141,GS
S3200,FC0141,GV
S2045,FC0140,GV
S2045,FC0140,GS
S2045,FC0140,BA
S2045,FC0140,CA
S2045,FC0140,GJ
S2045,FC0140,GH
S2050,FC0139,BA
S2050,FC0139,GV
S2440,FC0138,GV
S2442,FC0138,GV
S2470,FC0138,GV
S2472,FC0138,GV
S2440,FC0138,GS
S2470,FC0138,GS
S2472,FC0138,GS
S2440,FC0138,BA
S2442,FC0138,BA
S2470,FC0138,BA
S2472,FC0138,BA
S2440,FC0138,CA
S2470,FC0138,CA
S2472,FC0138,CA
S2440,FC0138,GH
S2470,FC0138,GH
S2472,FC0138,GH
S2470,FC0138,GJ
S4404,FC0137,CA
S4404,FC0137,BA
S4404,FC0137,GV
S4410,FC0136,GV
S4410,FC0136,GS
S4410,FC0136,BA
S4790,FC0135,GJ
S2520,FC0134,GS
S2520,FC0134,GV
S2520,FC0134,BA
S2520,FC0134,CA
S2520,FC0134,GJ
S2520,FC0134,GH
S3380,FC0133,GH
S3380,FC0133,CA
S3380,FC0133,BA
S3380,FC0133,GV
S3380,FC0133,GS
S3380,FC0133,GJ
S2835,FC0132,GS
S2835,FC0132,GV
S2835,FC0132,BA
S2835,FC0132,CA
S2835,FC0132,GH
S4782,FC0131,GJ
S2336,FC0130,GS
S2330,FC0130,GS
S2330,FC0130,GV
S2336,FC0130,GV
S2330,FC0130,GH
S2330,FC0130,CA
S2330,FC0130,BA
S2336,FC0130,BA
S2703,FC0129,BA
S2704,FC0129,BA
S2705,FC0129,BA
S2706,FC0129,BA
S2707,FC0129,BA
S2708,FC0129,BA
S2727,FC0129,BA
S2728,FC0129,BA
S2791,FC0129,BA
S2739,FC0129,BA
S2791,FC0129,CA
S2792,FC0129,CA
S2703,FC0129,CA
S2704,FC0129,CA
S2705,FC0129,CA
S2706,FC0129,CA
S2703,FC0129,GH
S2704,FC0129,GH
S2705,FC0129,GH
S2706,FC0129,GH
S2707,FC0129,GH
S2791,FC0129,GH
S2703,FC0129,GJ
S2704,FC0129,GJ
S2705,FC0129,GJ
S2706,FC0129,GJ
S2707,FC0129,GJ
S2726,FC0129,GJ
S2727,FC0129,GJ
S2728,FC0129,GJ
S2791,FC0129,GV
S2792,FC0129,GV
S2703,FC0129,GV
S2704,FC0129,GV
S2705,FC0129,GV
S2706,FC0129,GV
S2707,FC0129,GV
S2708,FC0129,GV
S2727,FC0129,GV
S2728,FC0129,GV
S2703,FC0129,GS
S2704,FC0129,GS
S2705,FC0129,GS
S2706,FC0129,GS
S2707,FC0129,GS
S2708,FC0129,GS
S2727,FC0129,GS
S2728,FC0129,GS
S2791,FC0129,GS
S2792,FC0129,GS
S2791,FC0129,GJ
S2792,FC0129,GJ
S2272,FC0128,GS
S2277,FC0128,GS
S2298,FC0128,GS
S2320,FC0128,GS
S2320,FC0128,GV
S2298,FC0128,GV
S2272,FC0128,GV
S2277,FC0128,GV
S2298,FC0128,GJ
S2320,FC0128,GJ
S2272,FC0128,GJ
S2277,FC0128,GJ
S2298,FC0128,GH
S2320,FC0128,GH
S2272,FC0128,CA
S2277,FC0128,CA
S2298,FC0128,CA
S2320,FC0128,CA
S2298,FC0128,BA
S2320,FC0128,BA
S2272,FC0128,BA
S2277,FC0128,BA
S6526,FC0127,BA
S6526,FC0127,CA
S6526,FC0127,GH
S6526,FC0127,GV
S6526,FC0127,GJ
S6526,FC0127,GS
S6546,FC0126,GS
S6546,FC0126,GJ
S6546,FC0126,GV
S6546,FC0126,GH
S6546,FC0126,CA
S6546,FC0126,BA
S4080,FC0125,BA
S4080,FC0125,GV
S4080,FC0125,GS
S8745,FC0124,GV
S9545,FC0124,GV
S9545,FC0124,GS
S8745,FC0124,GS
S8745,FC0124,BA
S9545,FC0124,BA
S8745,FC0124,CA
S9545,FC0124,CA
S8745,FC0124,GH
S9545,FC0124,GH
S2131,FC0123,GJ
S2082,FC0123,GJ
S2082,FC0123,GH
S2122,FC0123,GH
S2082,FC0123,CA
S2122,FC0123,CA
S2131,FC0123,CA
S2082,FC0123,BA
S2122,FC0123,BA
S2131,FC0123,BA
S2148,FC0123,BA
S2082,FC0123,GV
S2122,FC0123,GV
S2131,FC0123,GV
S2148,FC0123,GV
S2082,FC0123,GS
S2122,FC0123,GS
S2131,FC0123,GS
S2148,FC0123,GS
S2232,FC0122,GS
S2232,FC0122,GV
S2232,FC0122,BA
S2232,FC0122,CA
S2232,FC0122,GH
S2234,FC0122,GH
S2236,FC0122,GH
S2232,FC0122,GJ
S4671,FC0121,GH
S4671,FC0121,CA
S4671,FC0121,BA
S4671,FC0121,GV
S4671,FC0121,GS
S3026,FC0120,GJ
S3460,FC0119,GS
S3460,FC0119,GV
S3460,FC0119,BA
S8610,FC0118,BA
S8616,FC0118,BA
S8610,FC0118,CA
S8616,FC0118,CA
S8610,FC0118,GH
S8616,FC0118,GH
S8610,FC0118,GV
S8616,FC0118,GV
S8610,FC0118,GS
S8616,FC0118,GS
S8610,FC0118,GJ
S8616,FC0118,GJ
S3064,FC0117,GJ
S3072,FC0117,GJ
S3068,FC0117,GJ
S3064,FC0117,GS
S3068,FC0117,GS
S3072,FC0117,GS
S3076,FC0117,GS
S3072,FC0117,GV
S3064,FC0117,GV
S3068,FC0117,GV
S3076,FC0117,GV
S3064,FC0117,GH
S3068,FC0117,GH
S3072,FC0117,GH
S3064,FC0117,CA
S3068,FC0117,CA
S3072,FC0117,CA
S3068,FC0117,BA
S3072,FC0117,BA
S3076,FC0117,BA
S3064,FC0117,BA
S3030,FC0116,BA
S3030,FC0116,CA
S3030,FC0116,GH
S3030,FC0116,GV
S3030,FC0116,GS
S2334,FC0115,GS
S2339,FC0115,GS
S2334,FC0115,GV
S2339,FC0115,GV
S2334,FC0115,BA
S2339,FC0115,BA
S4037,FC0114,CA
S4037,FC0114,GV
S4037,FC0114,GS
S2090,FC0113,GS
S2090,FC0113,GV
S2090,FC0113,CA
S2090,FC0113,BA
S2090,FC0113,GJ
S2090,FC0113,GH
S3680,FC0112,GJ
S4800,FC0111,GJ
S3360,FC0110,GJ
S3360,FC0110,GS
S3360,FC0110,GV
S3360,FC0110,GH
S3360,FC0110,BA
S3360,FC0110,CA
S3463,FC0109,BA
S3450,FC0109,BA
S3450,FC0109,GV
S3463,FC0109,GV
S3463,FC0109,GS
S3450,FC0109,GS
S2244,FC0108,GS
S2294,FC0108,GS
S2244,FC0108,GV
S2244,FC0108,BA
S2244,FC0108,CA
S2294,FC0108,CA
S2244,FC0108,GJ
S2244,FC0108,GH
S2294,FC0108,GH
S8607,FC0107,CA
S8608,FC0107,CA
S8607,FC0107,GH
S8608,FC0107,GH
S8607,FC0107,BA
S8608,FC0107,BA
S8607,FC0107,GV
S8608,FC0107,GV
S8607,FC0107,GJ
S8608,FC0107,GJ
S8607,FC0107,GS
S8608,FC0107,GS
S3028,FC0106,GS
S3028,FC0106,GJ
S3028,FC0106,GV
S3028,FC0106,BA
S3028,FC0106,GH
S3028,FC0106,CA
S9556,FC0105,CA
S8756,FC0105,CA
S9556,FC0105,GH
S8756,FC0105,GH
S9556,FC0105,BA
S8756,FC0105,BA
S9556,FC0105,GS
S8756,FC0105,GS
S8756,FC0105,GV
S9556,FC0105,GV
S8756,FC0105,GJ
S2414,FC0104,GS
S2414,FC0104,GV
S2414,FC0104,CA
S2414,FC0104,BA
S2414,FC0104,GJ
S2414,FC0104,GH
S4406,FC0103,BA
S4406,FC0103,GV
S4406,FC0103,GS
S4504,FC0102,GV
S4504,FC0102,BA
S4504,FC0102,CA
S4504,FC0102,GH
S2300,FC0101,GJ
S2300,FC0101,GV
S6534,FC0100,GV
S6536,FC0100,GV
S6514,FC0100,GV
S6516,FC0100,GV
S6514,FC0100,GS
S6516,FC0100,GS
S6534,FC0100,GS
S6536,FC0100,GS
S6514,FC0100,GJ
S6516,FC0100,GJ
S6534,FC0100,GH
S6536,FC0100,GH
S6514,FC0100,GH
S6516,FC0100,GH
S6514,FC0100,CA
S6516,FC0100,CA
S6534,FC0100,CA
S6536,FC0100,CA
S6534,FC0100,BA
S6536,FC0100,BA
S6514,FC0100,BA
S6516,FC0100,BA
S4057,FC0099,BA
S4060,FC0099,BA
S4057,FC0099,GJ
S4060,FC0099,GJ
S4057,FC0099,GS
S4060,FC0099,GS
S4057,FC0099,GV
S4060,FC0099,GV
S4621,FC0098,GV
S4621,FC0098,GS
S4621,FC0098,GJ
S4621,FC0098,BA
S4621,FC0098,CA
S4621,FC0098,GH
S6517,FC0097,GH
S6518,FC0097,GH
S6537,FC0097,GH
S6538,FC0097,GH
S6517,FC0097,CA
S6518,FC0097,CA
S6537,FC0097,CA
S6538,FC0097,CA
S6517,FC0097,BA
S6518,FC0097,BA
S6537,FC0097,BA
S6538,FC0097,BA
S6517,FC0097,GS
S6518,FC0097,GS
S6537,FC0097,GS
S6538,FC0097,GS
S6517,FC0097,GV
S6518,FC0097,GV
S6537,FC0097,GV
S6538,FC0097,GV
S2015,FC0096,GV
S2016,FC0096,GV
S2017,FC0096,GV
S2025,FC0096,GV
S2015,FC0096,GS
S2016,FC0096,GS
S2017,FC0096,GS
S2025,FC0096,GS
S2015,FC0096,BA
S2016,FC0096,BA
S2017,FC0096,BA
S2025,FC0096,BA
S2015,FC0096,CA
S2016,FC0096,CA
S2017,FC0096,CA
S2025,FC0096,CA
S2015,FC0096,GH
S2016,FC0096,GH
S2025,FC0096,GH
S2015,FC0096,GJ
S2016,FC0096,GJ
S9526,FC0095,GH
S8726,FC0095,GH
S9526,FC0095,CA
S8726,FC0095,CA
S8726,FC0095,BA
S9526,FC0095,BA
S8726,FC0095,GJ
S8726,FC0095,GS
S9526,FC0095,GS
S9526,FC0095,GV
S8726,FC0095,GV
S8304,FC0094,GV
S8306,FC0094,GV
S8314,FC0094,GV
S8316,FC0094,GV
S8304,FC0094,GJ
S8308,FC0093,GJ
S8318,FC0093,GV
S8308,FC0093,GV
S8772,FC0092,GV
S9572,FC0092,GV
S8772,FC0092,GS
S9572,FC0092,GS
S9572,FC0092,BA
S8772,FC0092,BA
S8772,FC0092,CA
S9572,FC0092,CA
S8772,FC0092,GH
S9572,FC0092,GH
S4737,FC0091,GJ
S4741,FC0091,GJ
S2092,FC0090,GS
S2092,FC0090,GV
S2151,FC0090,GV
S2092,FC0090,GJ
S2092,FC0090,GH
S2092,FC0090,CA
S2092,FC0090,BA
S2151,FC0089,BA
S2151,FC0089,GS
S3024,FC0088,GJ
S3024,FC0088,GS
S3024,FC0088,GV
S3024,FC0088,BA
S3024,FC0088,CA
S3024,FC0088,GH
S3070,FC0087,GH
S3066,FC0087,GH
S3066,FC0087,CA
S3070,FC0087,CA
S3066,FC0087,BA
S3075,FC0087,BA
S3070,FC0087,BA
S3070,FC0087,GV
S3066,FC0087,GV
S3075,FC0087,GV
S3066,FC0087,GJ
S3070,FC0087,GJ
S3151,FC0086,GV
S6524,FC0085,GV
S6524,FC0085,GJ
S6524,FC0085,GS
S6524,FC0085,BA
S6524,FC0085,GH
S6524,FC0085,CA
S6544,FC0084,CA
S6544,FC0084,GH
S6544,FC0084,BA
S6544,FC0084,GS
S6544,FC0084,GV
S4075,FC0083,GV
S4075,FC0083,GS
S4075,FC0083,GJ
S4075,FC0083,BA
S8750,FC0082,BA
S9550,FC0082,BA
S9550,FC0082,GH
S8750,FC0082,GH
S8750,FC0082,CA
S9550,FC0082,CA
S8750,FC0082,GJ
S9550,FC0082,GS
S8750,FC0082,GS
S9550,FC0082,GV
S8750,FC0082,GV
S4635,FC0081,GV
S4635,FC0081,GJ
S4635,FC0081,GS
S4635,FC0081,GH
S4635,FC0081,BA
S4063,FC0080,BA
S4063,FC0080,GS
S4063,FC0080,GJ
S4063,FC0080,GV
S3464,FC0079,GV
S3451,FC0079,GV
S3451,FC0079,GS
S3464,FC0079,GS
S3451,FC0079,BA
S3464,FC0079,BA
S2103,FC0078,GJ
S6512,FC0077,GH
S6532,FC0077,GH
S6532,FC0077,CA
S6512,FC0077,CA
S6512,FC0077,BA
S6532,FC0077,BA
S6512,FC0077,GS
S6532,FC0077,GS
S6512,FC0077,GJ
S6512,FC0077,GV
S6532,FC0077,GV
S4620,FC0076,GV
S4620,FC0076,GJ
S4620,FC0076,GS
S4620,FC0076,BA
S4620,FC0076,CA
S4620,FC0076,GH
S3363,FC0075,GH
S3429,FC0075,BA
S3363,FC0075,BA
S3363,FC0075,CA
S3363,FC0075,GS
S3429,FC0075,GS
S3429,FC0075,GV
S3363,FC0075,GV
S2250,FC0074,GS
S2250,FC0074,CA
S2250,FC0074,BA
S2250,FC0074,GH
S2252,FC0073,GH
S2252,FC0073,GJ
S2252,FC0073,BA
S2252,FC0073,CA
S2252,FC0073,GS
S2252,FC0073,GV
S6510,FC0072,GV
S6530,FC0072,GV
S6510,FC0072,GJ
S6510,FC0072,GS
S6530,FC0072,GS
S6510,FC0072,BA
S6530,FC0072,BA
S6510,FC0072,GH
S6530,FC0072,GH
S6510,FC0072,CA
S6530,FC0072,CA
S3365,FC0071,GH
S3365,FC0071,BA
S3365,FC0071,CA
S3365,FC0071,GS
S3365,FC0071,GJ
S3365,FC0071,GV
S8626,FC0070,GV
S8626,FC0070,GJ
S8626,FC0070,GS
S8626,FC0070,BA
S8626,FC0070,GH
S8626,FC0070,CA
S3131,FC0069,GH
S3132,FC0069,GH
S3133,FC0069,GH
S3134,FC0069,GH
S3131,FC0069,CA
S3132,FC0069,CA
S3133,FC0069,CA
S3134,FC0069,CA
S3135,FC0069,CA
S3131,FC0069,BA
S3132,FC0069,BA
S3133,FC0069,BA
S3134,FC0069,BA
S3135,FC0069,BA
S3131,FC0069,GS
S3132,FC0069,GS
S3133,FC0069,GS
S3134,FC0069,GS
S3135,FC0069,GS
S3131,FC0069,GJ
S3132,FC0069,GJ
S3133,FC0069,GJ
S3134,FC0069,GJ
S3131,FC0069,GV
S3132,FC0069,GV
S3133,FC0069,GV
S3134,FC0069,GV
S3135,FC0069,GV
S2780,FC0068,GV
S2732,FC0068,GV
S2800,FC0068,GJ
S2780,FC0068,GJ
S2780,FC0068,GS
S2732,FC0068,GS
S2800,FC0068,BA
S2780,FC0068,BA
S2732,FC0068,BA
S2780,FC0068,CA
S2800,FC0068,GH
S2780,FC0068,GH
S2732,FC0068,GJ
S2732,FC0068,GH
S7781,FC0067,GJ
S7782,FC0067,GJ
S8010,FC0066,GJ
S8021,FC0066,GJ
S8022,FC0066,GJ
S8021,FC0066,GS
S8022,FC0066,GS
S8023,FC0066,GS
S8024,FC0066,GS
S8054,FC0066,GS
S8055,FC0066,GS
S8010,FC0066,GV
S8021,FC0066,GV
S8022,FC0066,GV
S8023,FC0066,GV
S8024,FC0066,GV
S8054,FC0066,GV
S8055,FC0066,GV
S8054,FC0066,CA
S8055,FC0066,CA
S8021,FC0066,CA
S8022,FC0066,CA
S8023,FC0066,CA
S8024,FC0066,CA
S8021,FC0066,GH
S8022,FC0066,GH
S8023,FC0066,GH
S8024,FC0066,GH
S8054,FC0066,GH
S8055,FC0066,GH
S8021,FC0066,BA
S8022,FC0066,BA
S8023,FC0066,BA
S8024,FC0066,BA
S8054,FC0066,BA
S8055,FC0066,BA
S3375,FC0065,CA
S3375,FC0065,BA
S3375,FC0065,GH
S3375,FC0065,GV
S3375,FC0065,GS
S3375,FC0065,GJ
S2102,FC0064,GS
S2102,FC0064,GV
S2102,FC0064,GJ
S2102,FC0064,GH
S2102,FC0064,BA
S2102,FC0064,CA
S4730,FC0063,GJ
S4732,FC0063,GJ
S4716,FC0062,GJ
S4712,FC0062,GJ
S7177,FC0061,GS
S7128,FC0061,GS
S7128,FC0061,GV
S7177,FC0061,GV
S7177,FC0061,BA
S7128,FC0061,BA
S7128,FC0061,CA
S7177,FC0061,CA
S2784,FC0060,GH
S2784,FC0060,CA
S2784,FC0060,BA
S2784,FC0060,GV
S2784,FC0060,GS
S2784,FC0060,GJ
S8056,FC0059,GV
S8057,FC0059,GV
S4408,FC0058,GV
S4408,FC0058,GS
S4408,FC0058,BA
S4408,FC0058,CA
S4508,FC0057,BA
S4508,FC0057,GH
S4508,FC0057,CA
S4508,FC0057,GS
S4508,FC0057,GV
S7129,FC0056,GV
S7138,FC0056,GV
S7150,FC0056,GV
S7103,FC0056,GV
S7178,FC0056,GV
S7187,FC0056,GV
S7129,FC0056,GS
S7138,FC0056,GS
S7150,FC0056,GS
S7178,FC0056,GS
S7187,FC0056,GS
S7103,FC0056,GS
S7103,FC0056,CA
S7178,FC0056,CA
S7187,FC0056,CA
S7129,FC0056,CA
S7138,FC0056,CA
S7150,FC0056,CA
S7129,FC0056,BA
S7138,FC0056,BA
S7150,FC0056,BA
S7103,FC0056,BA
S7178,FC0056,BA
S7187,FC0056,BA
S6522,FC0055,BA
S6522,FC0055,CA
S6522,FC0055,GH
S6522,FC0055,GS
S6522,FC0055,GJ
S6522,FC0055,GV
S4662,FC0054,GV
S4662,FC0054,GJ
S4662,FC0054,GS
S4662,FC0054,GH
S4662,FC0054,CA
S4662,FC0054,BA
S6542,FC0053,BA
S6542,FC0053,CA
S6542,FC0053,GH
S6542,FC0053,GS
S6542,FC0053,GV
S4066,FC0052,GV
S4066,FC0052,GS
S4066,FC0052,GJ
S4066,FC0052,BA
S8618,FC0051,BA
S8618,FC0051,GH
S8618,FC0051,CA
S8618,FC0051,GJ
S8618,FC0051,GS
S8618,FC0051,GV
S4052,FC0050,GV
S4052,FC0050,GS
S4052,FC0050,GJ
S4052,FC0050,BA
S4605,FC0049,BA
S4605,FC0049,CA
S4605,FC0049,GH
S4605,FC0049,GS
S4605,FC0049,GV
S4630,FC0048,GV
S4630,FC0048,GS
S4630,FC0048,GJ
S4630,FC0048,GH
S4630,FC0048,CA
S4630,FC0048,BA
S4062,FC0047,BA
S4062,FC0047,GJ
S4062,FC0047,GS
S4062,FC0047,GV
S2104,FC0046,GV
S2104,FC0046,GS
S2104,FC0046,BA
S2104,FC0046,CA
S2104,FC0046,GH
S2104,FC0046,GJ
S8332,FC0045,GJ
S8332,FC0045,GV
S8630,FC0044,GV
S8630,FC0044,GS
S8630,FC0044,GJ
S8630,FC0044,GH
S8630,FC0044,CA
S8630,FC0044,BA
S8685,FC0043,BA
S9485,FC0043,BA
S9485,FC0043,CA
S8730,FC0043,GJ
S8685,FC0043,GS
S9485,FC0043,GS
S9485,FC0043,GV
S8685,FC0043,GV
S8778,FC0042,GV
S8781,FC0042,GV
S8795,FC0042,GV
S9578,FC0042,GV
S9581,FC0042,GV
S9595,FC0042,GV
S8778,FC0042,GS
S8781,FC0042,GS
S8795,FC0042,GS
S9578,FC0042,GS
S9581,FC0042,GS
S9595,FC0042,GS
S8778,FC0042,GJ
S8781,FC0042,GJ
S8778,FC0042,CA
S8781,FC0042,CA
S8795,FC0042,CA
S9578,FC0042,CA
S9581,FC0042,CA
S9595,FC0042,CA
S8778,FC0042,GH
S8781,FC0042,GH
S8795,FC0042,GH
S9578,FC0042,GH
S9581,FC0042,GH
S9595,FC0042,GH
S8778,FC0042,BA
S8781,FC0042,BA
S8795,FC0042,BA
S9578,FC0042,BA
S9581,FC0042,BA
S9595,FC0042,BA
S8638,FC0041,BA
S8638,FC0041,GH
S8638,FC0041,GS
S8638,FC0041,GV
S2761,FC0040,GV
S2781,FC0040,GV
S2781,FC0040,GS
S2761,FC0040,GS
S2781,FC0040,GJ
S2761,FC0040,GJ
S2761,FC0040,GH
S2781,FC0040,CA
S2761,FC0040,CA
S2781,FC0040,BA
S2761,FC0040,BA
S8628,FC0039,BA
S8628,FC0039,CA
S8628,FC0039,GH
S8628,FC0039,GJ
S8628,FC0039,GS
S8628,FC0039,GV
S8594,FC0038,GV
S8594,FC0038,GS
S8594,FC0038,GJ
S8594,FC0038,GH
S8594,FC0038,CA
S8594,FC0038,BA
S8734,FC0037,BA
S8736,FC0037,BA
S8741,FC0037,BA
S8693,FC0037,BA
S8716,FC0037,BA
S9493,FC0037,BA
S9516,FC0037,BA
S9534,FC0037,BA
S9536,FC0037,BA
S9541,FC0037,BA
S8734,FC0037,CA
S8736,FC0037,CA
S8741,FC0037,CA
S8716,FC0037,CA
S9493,FC0037,CA
S9516,FC0037,CA
S9534,FC0037,CA
S9536,FC0037,CA
S9541,FC0037,CA
S8716,FC0037,GH
S8734,FC0037,GH
S8736,FC0037,GH
S8741,FC0037,GH
S9516,FC0037,GH
S9534,FC0037,GH
S9536,FC0037,GH
S9541,FC0037,GH
S8734,FC0037,GJ
S8736,FC0037,GJ
S8741,FC0037,GJ
S8716,FC0037,GS
S8734,FC0037,GV
S8736,FC0037,GV
S8741,FC0037,GV
S8693,FC0037,GV
S8716,FC0037,GV
S9493,FC0037,GV
S9516,FC0037,GV
S9534,FC0037,GV
S9536,FC0037,GV
S9541,FC0037,GV
S9534,FC0037,GS
S9536,FC0037,GS
S9541,FC0037,GS
S8734,FC0037,GS
S8736,FC0037,GS
S8741,FC0037,GS
S9493,FC0037,GS
S9516,FC0037,GS
S9574,FC0036,GS
S8774,FC0036,GS
S9574,FC0036,GV
S8774,FC0036,GV
S8774,FC0036,GJ
S8774,FC0036,GH
S9574,FC0036,GH
S8774,FC0036,CA
S9574,FC0036,CA
S9574,FC0036,BA
S8774,FC0036,BA
S8760,FC0035,BA
S9560,FC0035,BA
S9560,FC0035,CA
S8760,FC0035,CA
S9560,FC0035,GH
S8760,FC0035,GH
S8760,FC0035,GJ
S8760,FC0035,GV
S9560,FC0035,GV
S8760,FC0035,GS
S9560,FC0035,GS
S8052,FC0034,GV
S8053,FC0034,GV
S8052,FC0034,GJ
S8052,FC0034,GS
S8053,FC0034,GS
S8052,FC0034,GH
S8053,FC0034,GH
S8052,FC0034,CA
S8053,FC0034,CA
S8052,FC0034,BA
S8053,FC0034,BA
S8596,FC0033,BA
S8596,FC0033,CA
S8596,FC0033,GH
S8596,FC0033,GS
S8596,FC0033,GJ
S8596,FC0033,GV
S8776,FC0032,GV
S9576,FC0032,GV
S9576,FC0032,GS
S8776,FC0032,GS
S9576,FC0032,GH
S8776,FC0032,GH
S8776,FC0032,CA
S9576,FC0032,CA
S9576,FC0032,BA
S8776,FC0032,BA
S8653,FC0031,BA
S8653,FC0031,CA
S8653,FC0031,GH
S8653,FC0031,GV
S8653,FC0031,GS
S4714,FC0030,GJ
S4718,FC0030,GJ
S4743,FC0030,GJ
S4739,FC0030,GJ
S2282,FC0029,GS
S2282,FC0029,GV
S2282,FC0029,CA
S2282,FC0029,BA
S4760,FC0028,GJ
S2292,FC0027,GS
S2292,FC0027,GV
S2292,FC0027,BA
S2292,FC0027,CA
S2292,FC0027,GJ
S2292,FC0027,GH
S4701,FC0026,GJ
S3356,FC0025,GJ
S3356,FC0025,GS
S3356,FC0025,GV
S3356,FC0025,GH
S3356,FC0025,CA
S3356,FC0025,BA
S2083,FC0024,BA
S2083,FC0024,CA
S2083,FC0024,GJ
S2083,FC0024,GH
S2083,FC0024,GV
S2083,FC0024,GS
S3041,FC0023,GJ
S3041,FC0023,GS
S3041,FC0023,GV
S3041,FC0023,GH
S3041,FC0023,CA
S3041,FC0023,BA
S6301,FC0022,GJ
S7450,FC0021,GJ
S7455,FC0021,GJ
S4054,FC0020,GJ
S4054,FC0020,GS
S4054,FC0020,GV
S4054,FC0020,BA
S2100,FC0019,BA
S2100,FC0019,CA
S2100,FC0019,GJ
S2100,FC0019,GH
S2100,FC0019,GV
S2100,FC0019,GS
S6521,FC0018,GS
S6521,FC0018,GV
S6521,FC0018,CA
S6521,FC0018,BA
S6541,FC0017,BA
S6541,FC0017,CA
S6541,FC0017,GV
S6541,FC0017,GS
S2276,FC0016,GS
S2271,FC0016,GS
S2271,FC0016,GJ
S2271,FC0016,GV
S2276,FC0016,GV
S2276,FC0016,GJ
S2276,FC0016,BA
S2271,FC0016,BA
S2271,FC0016,CA
S2276,FC0016,CA
S2270,FC0015,GH
S3467,FC0014,BA
S3467,FC0014,GV
S3467,FC0014,GJ
S3467,FC0014,GS
S2256,FC0013,GS
S2256,FC0013,GV
S2256,FC0013,BA
S2256,FC0013,CA
S2256,FC0013,GH
S2256,FC0013,GJ
S8620,FC0012,CA
S8620,FC0012,BA
S8620,FC0012,GV
S8620,FC0012,GJ
S8620,FC0012,GS
S2420,FC0011,GS
S2421,FC0011,GS
S2422,FC0011,GS
S2423,FC0011,GS
S2424,FC0011,GS
S2425,FC0011,GS
S2420,FC0011,GV
S2421,FC0011,GV
S2422,FC0011,GV
S2423,FC0011,GV
S2424,FC0011,GV
S2420,FC0011,CA
S2421,FC0011,CA
S2422,FC0011,CA
S2423,FC0011,CA
S2424,FC0011,CA
S2420,FC0011,BA
S2421,FC0011,BA
S2422,FC0011,BA
S2423,FC0011,BA
S2424,FC0011,BA
S2425,FC0011,BA
S2420,FC0011,GH
S2421,FC0011,GH
S2422,FC0011,GH
S2423,FC0011,GH
S2424,FC0011,GH
S2420,FC0011,GJ
S2421,FC0011,GJ
S2422,FC0011,GJ
S2423,FC0011,GJ
S2550,FC0010,GH
S2550,FC0010,BA
S2550,FC0010,CA
S2550,FC0010,GV
S2550,FC0010,GJ
S2550,FC0010,GS
S2530,FC0009,GS
S2530,FC0009,GV
S2530,FC0009,CA
S2530,FC0009,BA
S2530,FC0009,GH
S2530,FC0009,GJ
S4752,FC0008,GJ
S4520,FC0007,GS
S4520,FC0007,GV
S4520,FC0007,GH
S4520,FC0007,CA
S4520,FC0007,BA
S6520,FC0006,BA
S6520,FC0006,CA
S6520,FC0006,GH
S6520,FC0006,GV
S6520,FC0006,GS
S6520,FC0006,GJ
S4665,FC0005,GJ
S4665,FC0005,GS
S4665,FC0005,GV
S4665,FC0005,GH
S4665,FC0005,CA
S4665,FC0005,BA
S6540,FC0004,BA
S6540,FC0004,CA
S6540,FC0004,GH
S6540,FC0004,GV
S6540,FC0004,GS
S4070,FC0003,GS
S4070,FC0003,GJ
S4070,FC0003,GV
S4070,FC0003,BA
S3390,FC0002,BA
S3390,FC0002,CA
S3390,FC0002,GH
S3390,FC0002,GV
S3390,FC0002,GJ
S3390,FC0002,GS
S3435,FC0001,GV
