C1918,BA,F0111
C6111,BA,F0128
C6211,BA,F0128
C7410,BA,F0110
C7470,BA,F0111
C7681,BA,F0128
C7685,BA,F0111
C7689,BA,F0128
C7693,BA,F0128
C8002,BA,F0115
C8030,BA,F0115
C8040,BA,F0120
C8044,BA,F0120
C8056,BA,F0120
C8072,BA,F0115
C8080,BA,F0120
C8082,BA,F0120
C8092,BA,F0120
C8113,BA,F0120
C8131,BA,F0120
C8153,BA,F0120
C8171,BA,F0120
C8187,BA,F0120
C8342,BA,F0128
H1313,BA,F0111
H2215,BA,F0128
H2315,BA,F0128
H2354,BA,F0128
H2404,BA,F0128
H2434,BA,F0128
S0180,BA,F0117
S0185,BA,F0102
S0191,BA,F0102
S0260,BA,F0115
S0268,BA,F0128
S0282,BA,F0102
S0299,BA,F0102
S0387,BA,F0102
S0390,BA,F0102
S0465,BA,F0120
S0470,BA,F0120
S0506,BA,F0120
S0602,BA,FC0003
S0603,BA,FC0003
S0620,BA,FC0003
S0642,BA,F0110
S0643,BA,F0110
S0686,BA,F0110
S0890,BA,F0102
S0895,BA,F0102
S0897,BA,F0102
S0899,BA,F0102
S2002,BA,F0115
S2010,BA,F0140
S2042,BA,F0115
S2082,BA,F0115
S2083,BA,F0115
S2084,BA,F0115
S2230,BA,F0111
S2250,BA,F0111
S2252,BA,F0115
S2330,BA,F0102
S2336,BA,F0102
S2703,BA,F0102
S2704,BA,F0102
S2705,BA,F0102
S2706,BA,F0102
S2707,BA,F0102
S2727,BA,F0102
S2728,BA,F0102
S2732,BA,F0110
S2739,BA,F0102
S2761,BA,FC0003
S2780,BA,F0110
S2784,BA,F0117
S2791,BA,F0102
S2792,BA,F0102
S2800,BA,F0110
S3005,BA,F0125
S3021,BA,F0115
S3041,BA,F0115
S3152,BA,F0128
S3153,BA,F0128
S3154,BA,F0128
S3155,BA,F0128
S3156,BA,F0128
S3157,BA,F0128
S3158,BA,F0128
S3159,BA,F0128
S3356,BA,F0115
S3390,BA,F0102
S4052,BA,F0115
S4054,BA,F0115
S4080,BA,F0117
S4302,BA,F0115
S4602,BA,F0115
S4605,BA,F0115
S5003,BA,F0115
S6505,BA,F0115
S6510,BA,F0115
S6526,BA,F0117
S6537,BA,F0102
S6546,BA,F0117
S7107,BA,F0117
S7128,BA,F0117
S7129,BA,F0117
S7155,BA,F0117
S7177,BA,F0117
S7178,BA,F0117
S7187,BA,F0140
S8032,BA,F0111
S8055,BA,F0117
S8594,BA,FC0004
S8596,BA,FC0003
S8607,BA,FC0010
S8608,BA,FC0010
S8610,BA,FC0011
S8612,BA,FC0012
S8616,BA,FC0011
S8618,BA,FC0008
S8620,BA,FC0001
S8626,BA,FC0009
S8628,BA,FC0004
S8630,BA,FC0004
S8636,BA,FC0013
S8638,BA,FC0006
S8653,BA,FC0004
S9408,BA,F0102
S9420,BA,F0128
S9444,BA,F0128
S9536,BA,F0140
S9556,BA,F0111
C6111,CA,F0128
C6211,CA,F0128
C7410,CA,F0110
C7608,CA,F0128
C7681,CA,F0128
C8002,CA,F0115
C8007,CA,F0102
C8030,CA,F0115
C8040,CA,F0120
C8044,CA,F0120
C8072,CA,F0115
C8080,CA,F0120
C8082,CA,F0120
H1030,CA,F0102
H2215,CA,F0128
Q0021,CA,F0115
Q0095,CA,F0115
Q0160,CA,F0115
Q0235,CA,F0115
Q0260,CA,F0102
Q0520,CA,F0102
Q0600,CA,F0110
S0201,CA,F0102
S0207,CA,F0128
S0258,CA,F0102
S0260,CA,F0115
S0268,CA,F0128
S0282,CA,F0102
S0322,CA,F0102
S0323,CA,F0102
S0330,CA,F0110
S0332,CA,F0102
S0351,CA,F0102
S0465,CA,F0120
S0470,CA,F0120
S0601,CA,F0109
S0602,CA,FC0003
S0620,CA,FC0003
S0630,CA,F0109
S0631,CA,F0109
S0642,CA,F0110
S0656,CA,F0109
S0686,CA,F0110
S0710,CA,F0117
S0890,CA,F0102
S0895,CA,F0102
S2002,CA,F0115
S2010,CA,F0136
S2042,CA,F0115
S2082,CA,F0115
S2083,CA,F0115
S2084,CA,F0115
S2230,CA,F0111
S2232,CA,F0111
S2234,CA,F0111
S2244,CA,F0111
S2250,CA,F0111
S2252,CA,F0115
S2256,CA,F0111
S2330,CA,F0102
S2342,CA,F0102
S2420,CA,F0113
S2421,CA,F0113
S2422,CA,F0113
S2466,CA,F0112
S2550,CA,F0108
S2703,CA,F0102
S2704,CA,F0102
S2705,CA,F0102
S2706,CA,F0102
S2761,CA,FC0003
S2780,CA,F0110
S2784,CA,F0117
S2791,CA,F0102
S2792,CA,F0102
S2796,CA,F0102
S2797,CA,F0102
S3005,CA,F0125
S3021,CA,F0115
S3028,CA,F0130
S3041,CA,F0115
S3062,CA,F0114
S3064,CA,F0114
S3068,CA,F0114
S3072,CA,F0114
S3356,CA,F0115
S4602,CA,F0115
S4605,CA,F0115
S4662,CA,F0131
S4665,CA,F0105
S4701,CA,F0115
S4730,CA,F0118
S4731,CA,F0118
S4732,CA,F0118
S4752,CA,F0124
S4782,CA,F0133
S6201,CA,F0115
S6505,CA,F0115
S6510,CA,F0115
S6526,CA,F0117
S6546,CA,F0117
S6575,CA,F0117
S6576,CA,F0117
S6577,CA,F0117
S6578,CA,F0117
S6991,CA,F0115
S7128,CA,F0117
S7177,CA,F0117
S8594,CA,FC0004
S8596,CA,FC0003
S8607,CA,FC0010
S8608,CA,FC0010
S8610,CA,FC0011
S8612,CA,FC0012
S8616,CA,FC0011
S8618,CA,FC0008
S8620,CA,FC0001
S8626,CA,FC0009
S8628,CA,FC0004
S8630,CA,FC0004
S8634,CA,FC0004
S8653,CA,FC0004
S8736,CA,F0129
S9420,CA,F0128
S9444,CA,F0128
S0602,GA,FC0003
S0620,GA,FC0003
S2230,GA,F0111
S2761,GA,FC0003
S8594,GA,FC0004
S8596,GA,FC0003
S8607,GA,FC0010
S8616,GA,FC0011
S8618,GA,FC0008
S8626,GA,FC0009
S8628,GA,FC0004
S8630,GA,FC0004
S8634,GA,FC0004
S8653,GA,FC0004
S0602,GC,FC0003
S0603,GC,FC0003
S0620,GC,FC0003
S2230,GC,F0111
S2761,GC,FC0003
S8594,GC,FC0004
S8596,GC,FC0003
S8607,GC,FC0010
S8608,GC,FC0010
S8616,GC,FC0011
S8618,GC,FC0008
S8626,GC,FC0009
S8628,GC,FC0004
S8630,GC,FC0004
S8634,GC,FC0004
A0002,GH,F0102
C0421,GH,F0111
C0424,GH,F0117
C1900,GH,F0102
C1910,GH,F0111
C2423,GH,F0128
C2432,GH,F0128
C6111,GH,F0128
C6211,GH,F0128
C6522,GH,F0117
C7403,GH,F0117
C7410,GH,F0110
C7608,GH,F0128
C7681,GH,F0128
C7685,GH,F0128
C8002,GH,F0115
C8007,GH,F0102
C8008,GH,F0117
C8011,GH,F0102
C8012,GH,F0117
C8030,GH,F0115
C8040,GH,F0120
C8044,GH,F0120
C8056,GH,F0120
C8072,GH,F0115
C8080,GH,F0120
C8082,GH,F0120
C8092,GH,F0120
C8112,GH,F0111
C8342,GH,F0128
H1030,GH,F0102
H1290,GH,F0102
H1390,GH,F0102
H2215,GH,F0128
H2315,GH,F0128
Q0080,GH,F0115
Q0095,GH,F0115
Q0160,GH,F0115
Q0235,GH,F0115
Q0260,GH,F0102
Q0520,GH,F0102
Q0550,GH,F0102
Q0600,GH,F0110
S0201,GH,F0102
S0202,GH,F0102
S0203,GH,F0102
S0211,GH,F0102
S0212,GH,F0102
S0213,GH,F0102
S0220,GH,F0110
S0221,GH,F0117
S0230,GH,F0102
S0231,GH,F0102
S0232,GH,F0102
S0233,GH,F0110
S0258,GH,F0102
S0260,GH,F0115
S0268,GH,F0128
S0269,GH,F0128
S0282,GH,F0102
S0322,GH,F0102
S0330,GH,F0110
S0334,GH,F0102
S0350,GH,F0102
S0351,GH,F0102
S0462,GH,F0117
S0465,GH,F0120
S0470,GH,F0120
S0601,GH,F0109
S0602,GH,FC0003
S0603,GH,FC0003
S0620,GH,FC0003
S0630,GH,F0109
S0631,GH,F0109
S0642,GH,F0110
S0656,GH,F0109
S0676,GH,F0109
S0686,GH,F0110
S0692,GH,F0109
S0710,GH,F0117
S0890,GH,F0102
S0895,GH,F0102
S2002,GH,F0115
S2010,GH,F0136
S2042,GH,F0115
S2082,GH,F0115
S2083,GH,F0115
S2084,GH,F0115
S2100,GH,F0117
S2144,GH,F0111
S2230,GH,F0111
S2232,GH,F0111
S2234,GH,F0111
S2236,GH,F0111
S2244,GH,F0111
S2250,GH,F0111
S2252,GH,F0115
S2256,GH,F0111
S2330,GH,F0102
S2342,GH,F0102
S2420,GH,F0113
S2421,GH,F0113
S2422,GH,F0113
S2466,GH,F0112
S2550,GH,F0108
S2703,GH,F0102
S2704,GH,F0102
S2705,GH,F0102
S2706,GH,F0102
S2707,GH,F0102
S2732,GH,F0110
S2761,GH,FC0003
S2780,GH,F0110
S2782,GH,F0102
S2784,GH,F0117
S2791,GH,F0102
S2792,GH,F0102
S2800,GH,F0110
S3005,GH,F0125
S3021,GH,F0115
S3028,GH,F0130
S3041,GH,F0115
S3062,GH,F0114
S3064,GH,F0114
S3068,GH,F0114
S3072,GH,F0114
S3356,GH,F0115
S4201,GH,F0115
S4202,GH,F0115
S4260,GH,F0101
S4261,GH,F0101
S4270,GH,F0105
S4280,GH,F0100
S4281,GH,F0123
S4602,GH,F0115
S4605,GH,F0115
S4662,GH,F0131
S4665,GH,F0105
S4671,GH,F0123
S4701,GH,F0115
S4730,GH,F0118
S4731,GH,F0118
S4732,GH,F0118
S4752,GH,F0124
S4782,GH,F0133
S6201,GH,F0115
S6210,GH,F0107
S6505,GH,F0115
S6510,GH,F0115
S6520,GH,F0105
S6522,GH,F0116
S6524,GH,F0123
S6526,GH,F0117
S6530,GH,F0126
S6540,GH,F0105
S6542,GH,F0116
S6544,GH,F0123
S6546,GH,F0117
S6575,GH,F0117
S6576,GH,F0117
S6577,GH,F0117
S6578,GH,F0117
S6991,GH,F0115
S7030,GH,F0117
S7033,GH,F0117
S7034,GH,F0117
S8021,GH,F0132
S8022,GH,F0132
S8023,GH,F0132
S8024,GH,F0132
S8033,GH,F0111
S8055,GH,F0102
S8549,GH,F0117
S8570,GH,F0102
S8594,GH,FC0004
S8596,GH,FC0003
S8599,GH,F0102
S8607,GH,FC0010
S8608,GH,FC0010
S8610,GH,FC0011
S8612,GH,FC0012
S8616,GH,FC0011
S8618,GH,FC0008
S8620,GH,FC0001
S8626,GH,FC0009
S8628,GH,FC0004
S8630,GH,FC0004
S8634,GH,FC0004
S8636,GH,FC0013
S8638,GH,FC0006
S8653,GH,FC0004
S8736,GH,F0129
S9349,GH,F0117
S9420,GH,F0128
S9536,GH,F0129
C1700,GS,F0267
C2420,GS,F0128
C3001,GS,F0191
C3120,GS,F0191
C3151,GS,F0191
C6100,GS,F0331
C6101,GS,F0128
C6200,GS,F0128
C6300,GS,F0200
C6385,GS,F0152
C6501,GS,F0331
C6520,GS,F0331
C6600,GS,F0331
C7001,GS,F0152
C7100,GS,F0331
C7402,GS,F0266
C8000,GS,F0200
C8025,GS,F0331
C8040,GS,F0200
C8052,GS,F0200
C8070,GS,F0331
C8108,GS,F0331
C8148,GS,F0331
C8181,GS,F0331
C8250,GS,F0266
H1010,GS,F0140
H1110,GS,F0140
H1300,GS,F0152
H1394,GS,F0152
H2010,GS,F0152
H2100,GS,F0152
H2200,GS,F0152
H2300,GS,F0152
H2350,GS,F0152
H2400,GS,F0152
H2430,GS,F0152
S0099,GS,F0140
S0200,GS,F0200
S0300,GS,F0110
S0420,GS,F0331
S0452,GS,F0331
S0472,GS,F0402
S0501,GS,F0331
S0560,GS,F0102
S0600,GS,F0266
S0601,GS,F0326
S0602,GS,FC0003
S0603,GS,FC0003
S0620,GS,FC0003
S0674,GS,F0326
S0780,GS,F0326
S2000,GS,F0115
S2041,GS,F0297
S2081,GS,F0325
S2230,GS,F0111
S2250,GS,F0111
S2270,GS,F0390
S2290,GS,F0325
S2328,GS,F0268
S2400,GS,F0320
S2410,GS,F0326
S2510,GS,F0324
S2702,GS,F0110
S2760,GS,F0266
S2761,GS,FC0003
S2790,GS,F0268
S3000,GS,F0125
S3020,GS,F0325
S3040,GS,F0325
S3062,GS,F0324
S3151,GS,F0128
S3355,GS,F0325
S3435,GS,F0325
S3448,GS,F0354
S3455,GS,F0354
S4030,GS,F0152
S4050,GS,F0349
S4400,GS,F0152
S4500,GS,F0159
S4501,GS,F0159
S4601,GS,F0115
S4603,GS,F0349
S5000,GS,F0325
S6500,GS,F0400
S6530,GS,F0324
S7100,GS,F0266
S7147,GS,F0266
S8010,GS,F0315
S8020,GS,F0315
S8031,GS,F0315
S8040,GS,F0315
S8051,GS,F0266
S8061,GS,F0267
S8150,GS,F0267
S8400,GS,F0266
S8593,GS,F0395
S8594,GS,FC0004
S8596,GS,FC0003
S8607,GS,FC0010
S8608,GS,FC0010
S8610,GS,FC0011
S8612,GS,FC0012
S8616,GS,FC0011
S8618,GS,FC0008
S8620,GS,FC0001
S8625,GS,F0267
S8626,GS,FC0009
S8628,GS,FC0004
S8630,GS,FC0004
S8636,GS,FC0013
S8638,GS,FC0006
S8653,GS,FC0004
S8683,GS,F0267
S8713,GS,F0334
S9210,GS,F0267
S9387,GS,F0395
S9425,GS,F0267
S9483,GS,F0267
S9513,GS,F0334
S0602,GV,FC0003
S0603,GV,FC0003
S2230,GV,F0111
S2761,GV,FC0003
S8594,GV,FC0004
S8596,GV,FC0003
S8607,GV,FC0010
S8608,GV,FC0010
S8610,GV,FC0011
S8612,GV,FC0012
S8616,GV,FC0011
S8618,GV,FC0008
S8620,GV,FC0001
S8626,GV,FC0009
S8628,GV,FC0004
S8630,GV,FC0004
S8636,GV,FC0013
S8638,GV,FC0006
S8653,GV,FC0004
S0602,PBM,FC0003
S0603,PBM,FC0003
S0620,PBM,FC0003
S2761,PBM,FC0003
S8594,PBM,FC0004
S8596,PBM,FC0003
S8607,PBM,FC0010
S8608,PBM,FC0010
S8610,PBM,FC0011
S8612,PBM,FC0012
S8616,PBM,FC0011
S8618,PBM,FC0008
S8620,PBM,FC0001
S8626,PBM,FC0009
S8628,PBM,FC0004
S8630,PBM,FC0004
S8634,PBM,FC0004
S8653,PBM,FC0004
