9090625,2,GIH6612W1INRM
9044235,3,GIR2200LC1M
9036802,1,GIR2200LC1M
9092444,1,GIR3425PEMO10
9092444,1,GIR3425PEMO11
9050239,1,GIR6701PEMM
9050239,1,GIR6915PEMM
9074706,1,GIR6915PEMM
9082318,1,GIR6915PEMM
9082318,1,GIR6703PEMM
9082318,1,GIR6701PEMM
9082314,1,GIR6915PEMM
9082314,1,GIR6703PEMM
9082314,1,GIR6701PEMM
9033793,2,GIR7400M2PPMM
9090962,2,GIR7400M2PPMM
9074706,1,GIR6701PEMM
9100442,1,GIR6696PEMM
9095991,1,GIR6696PEMM
9038800,260,GIR3546Y1PPMM
9070330,1,GIR3546Y1PPMM
9045640,1,GIR2200PEMM
9045649,1,GIR2200PEMM
9036300,1,GIR3446PEMM
9036311,1,GIR3446PEMM
9100844,1,GIR3446PEMM
9100845,1,GIR3446PEMM
9036300,1,GIR3646PEMM
9036311,1,GIR3646PEMM
9100844,1,GIR3646PEMM
9100845,1,GIR3646PEMM
9036300,1,GIR3546PEMM
9036311,1,GIR3546PEMM
9100844,1,GIR3546PEMM
9100845,1,GIR3546PEMM
9036300,1,GIR3746PEMM
9036311,1,GIR3746PEMM
9100844,1,GIR3746PEMM
9100845,1,GIR3746PEMM
9050239,1,GIR6703PEMM
9050239,1,GIR6510PEMM
9074706,1,GIR6510PEMM
9074706,1,GIR6703PEMM
9082318,1,GIR6510PEMM
9082314,1,GIR6510PEMM
9100442,1,GIR6676PEMM
9100442,1,GIR6666PEMM
9093730,1,GIR6666PEMM
9093723,1,GIR6666PEMM
9093722,1,GIR6666PEMM
9100442,1,GIR6676PEMM
9095991,1,GIR6676PEMM
9093730,1,GIR6676PEMM
9093723,1,GIR6676PEMM
9093722,1,GIR6676PEMM
9038800,260,GIR3746Y1PPMM
9039054,1,GIR3746Y1PPMM
9045590,1,GIR3746Y1PPMM
9070330,1,GIR3746Y1PPMM
9095972,1,GIR3746Y1PPMM
9038800,260,GIR3646Y1PPMM
9039054,1,GIR3646Y1PPMM
9045590,1,GIR3646Y1PPMM
9070330,1,GIR3646Y1PPMM
9095972,1,GIR3646Y1PPMM
9038800,260,GIR3446Y1PPMM
9095991,1,GIR6676PEMM
9093730,1,GIR6676PEMM
9093723,1,GIR6676PEMM
9093722,1,GIR6676PEMM
9100442,1,GIR6925PEMM
9095991,1,GIR6925PEMM
9093730,1,GIR6925PEMM
9093723,1,GIR6925PEMM
9093722,1,GIR6925PEMM
9100442,1,GIR6801PEMM
9095991,1,GIR6801PEMM
9093730,1,GIR6801PEMM
9093723,1,GIR6801PEMM
9093722,1,GIR6801PEMM
9100442,1,GIR6666PEMM
9095991,1,GIR6666PEMM
9093730,1,GIR6666PEMM
9093723,1,GIR6666PEMM
9093722,1,GIR6666PEMM
9039054,1,GIR3446Y1PPMM
9045590,1,GIR3446Y1PPMM
9070330,1,GIR3446Y1PPMM
9062570,1,GIR3446Y1PPMM
9062571,1,GIR3446Y1PPMM
9095972,1,GIR3446Y1PPMM
9039054,1,GIR3546Y1PPMM
9045590,1,GIR3546Y1PPMM
9038800,205,GIR1110Y1PPMM
9045129,1,GIR1110Y1PPMM
9045130,1,GIR1110Y1PPMM
9057876,1,GIR1110Y1PPMM
9095991,1,GIR6686PEMM
9093730,1,GIR6686PEMM
9093723,1,GIR6686PEMM
9093722,1,GIR6686PEMM
9100442,1,GIR6686PEMM
9095991,1,GIR6686PEMM
9093730,1,GIR6686PEMM
9093723,1,GIR6686PEMM
9093722,1,GIR6686PEMM
9095972,1,GIR3546Y1PPMM
9045454,1,GIR6545PEMM
9051298,1,GIR6545PEMM
9049925,1,GIR6545PEMM
9049921,1,GIR6545PEMM
9045448,1,GIR6545PEMM
9045454,1,GIR6535PEMM
9051298,1,GIR6535PEMM
9049925,1,GIR6535PEMM
9049921,1,GIR6535PEMM
9045448,1,GIR6535PEMM
9093723,1,GIR6696PEMM
9093722,1,GIR6696PEMM
9100442,1,GIR6696PEMM
9095991,1,GIR6696PEMM
9093730,1,GIR6696PEMM
9093723,1,GIR6696PEMM
9093722,1,GIR6696PEMM
9100442,1,GIR6925PEMM
9095991,1,GIR6925PEMM
9093730,1,GIR6925PEMM
9093723,1,GIR6925PEMM
9093722,1,GIR6925PEMM
9100442,1,GIR6801PEMM
9095991,1,GIR6801PEMM
9093730,1,GIR6801PEMM
9093723,1,GIR6801PEMM
9093722,1,GIR6801PEMM
9093722,2,GIR6930PEMM1
9093723,2,GIR6930PEMM1
9093730,2,GIR6930PEMM1
9095991,2,GIR6930PEMM1
9100442,2,GIR6930PEMM1
9046694,1,GIR7744PEMM1
9046693,1,GIR7740PEMM1
9046574,1,GIR7736PEMM1
9046694,1,GIR7748PEMM1
9038800,205,GIR2200Y1PPMM
9039054,1,GIR2200Y1PPMM
9045590,1,GIR2200Y1PPMM
9062570,1,GIR2200Y1PPMM
9062571,1,GIR2200Y1PPMM
9070330,1,GIR2200Y1PPMM
9095972,1,GIR2200Y1PPMM
9057891,1,GIA0001Y1LUBM
9057876,1,GIA0001Y1LUBM
9043760,1,GIA0001Y1LUBM
9043859,1,GIA0001Y1LUBM
9043859,1,GIA0001Y1LUBM
9043859,1,GIA0001Y1LUBM
9057876,1,GIA0001Y1LUBM
9057876,1,GIA0001Y1LUBM
9057876,1,GIA0001Y1LUBM
9057876,1,GIA0001Y1LUBM
9057891,1,GIA0001Y1LUBM
9057891,1,GIA0001Y1LUBM
9113239,1,GIC7320Y1PEMM
9090625,2,GIH6572W1INRM
9044235,9,GIR3446LC1M
9036803,1,GIR3446LC1M
9108537,1,GIC7320M6LC1M
9044235,3,GIR2200PEMM
9048685,1,GIR3425PEMO10
9048684,1,GIR3425PEMO10
9048685,1,GIR3425PEMO11
9048684,1,GIR3425PEMO11
9036803,1,GIR3546LC1M
9044235,9,GIR3546LC1M
9036803,1,GIR3746LC1M
9044235,9,GIR3746LC1M
9036803,1,GIR3646LC1M
9044235,9,GIR3646LC1M
9044235,9,GIR3546PEMM
9105077,1,GIR2280PEMO1
9111078,1,GIR2280PEMO
9105078,1,GIR2280PEMO2
9050621,1,GIH6675Y1PPMM1
9058531,1,GIR0001W1LUBM1
9036803,1,GIR3446PEMM
9044235,9,GIR3446PEMM
9036802,1,GIR2200PEMM
9036803,1,GIR3546PEMM
9044235,9,GIR3746PEMM
9036803,1,GIR3746PEMM
9044235,9,GIR3646PEMM
9036803,1,GIR3646PEMM
9100442,1,GIR6686PEMM
9095991,1,GIR6666PEMM
9093730,1,GIR6696PEMM
9048685,1,GIR3787PEMO3
9048684,1,GIR3787PEMO3
9046571,1,GIR3787PEMO3
9111188,1,GIR3787PEMO3
9107221,1,GIR3787PEMO3
9046571,1,GIR3787PEMO2
9111188,1,GIR3787PEMO2
9107221,1,GIR3787PEMO2
9048685,1,GIR3787PEMO2
9048684,1,GIR3787PEMO2
9048685,1,GIR3787PEMO1
9048684,1,GIR3787PEMO1
9111188,1,GIR3787PEMO1
9046581,1,GIR3787PEMO1
9107221,1,GIR3787PEMO1
9048684,1,GIR3783PEMO6
9092526,1,GIR3783PEMO6
9046570,1,GIR3783PEMO6
9048685,1,GIR3783PEMO6
9048685,1,GIR3783PEMO5
9048684,1,GIR3783PEMO5
9092526,1,GIR3783PEMO5
9046570,1,GIR3783PEMO5
9048684,1,GIR3783PEMO4
9092526,1,GIR3783PEMO4
9046570,1,GIR3783PEMO4
9048685,1,GIR3783PEMO4
9048685,1,GIR3783PEMO3
9048684,1,GIR3783PEMO3
9046565,1,GIR3783PEMO3
9109319,1,GIR3783PEMO3
9048684,1,GIR3783PEMO2
9046568,1,GIR3783PEMO2
9109319,1,GIR3783PEMO2
9048685,1,GIR3783PEMO2
9048685,1,GIR3783PEMO1
9048684,1,GIR3783PEMO1
9046565,1,GIR3783PEMO1
9109319,1,GIR3783PEMO1
9048685,1,GIR3779PEMO6
9048684,1,GIR3779PEMO6
9048684,1,GIR3779PEMO5
9048685,1,GIR3779PEMO5
9048685,1,GIR3779PEMO4
9048684,1,GIR3779PEMO4
9048685,1,GIR3779PEMO3
9048684,1,GIR3779PEMO3
9104395,1,GIR3779PEMO3
9048684,1,GIR3779PEMO2
9104395,1,GIR3779PEMO2
9048685,1,GIR3779PEMO2
9048685,1,GIR3779PEMO1
9048684,1,GIR3779PEMO1
9104395,1,GIR3779PEMO1
9048685,1,GIR3775PEMO6
9048684,1,GIR3775PEMO6
9048685,1,GIR3775PEMO5
9048684,1,GIR3775PEMO5
9048685,1,GIR3775PEMO4
9048684,1,GIR3775PEMO4
9048684,1,GIR3775PEMO3
9104395,1,GIR3775PEMO3
9048685,1,GIR3775PEMO3
9104395,1,GIR3775PEMO2
9048685,1,GIR3775PEMO2
9048684,1,GIR3775PEMO2
9104395,1,GIR3775PEMO1
9048685,1,GIR3775PEMO1
9048684,1,GIR3775PEMO1
9048685,1,GIR3725PEMO9
9048684,1,GIR3725PEMO9
9048685,1,GIR3725PEMO8
9048684,1,GIR3725PEMO8
9048685,1,GIR3725PEMO7
9048684,1,GIR3725PEMO7
9084512,1,GIR3725PEMO6
9084510,1,GIR3725PEMO6
9048685,1,GIR3725PEMO6
9048684,1,GIR3725PEMO6
9084512,1,GIR3725PEMO5
9084510,1,GIR3725PEMO5
9048685,1,GIR3725PEMO5
9048684,1,GIR3725PEMO5
9048685,1,GIR3725PEMO4
9048684,1,GIR3725PEMO4
9084512,1,GIR3725PEMO4
9084510,1,GIR3725PEMO4
9048685,1,GIR3725PEMO3
9048684,1,GIR3725PEMO3
9084512,1,GIR3725PEMO3
9084510,1,GIR3725PEMO3
9084512,1,GIR3725PEMO2
9048685,1,GIR3725PEMO2
9048684,1,GIR3725PEMO2
9063587,1,GIR3725PEMO2
9048685,1,GIR3725PEMO11
9048684,1,GIR3725PEMO11
9048685,1,GIR3725PEMO10
9048684,1,GIR3725PEMO10
9048685,1,GIR3725PEMO1
9048684,1,GIR3725PEMO1
9063587,1,GIR3725PEMO1
9084510,1,GIR3725PEMO1
9046571,1,GIR3687PEMO3
9111188,1,GIR3687PEMO3
9046581,1,GIR3687PEMO3
9048685,1,GIR3687PEMO3
9048684,1,GIR3687PEMO3
9048685,1,GIR3687PEMO2
9048684,1,GIR3687PEMO2
9046571,1,GIR3687PEMO2
9111188,1,GIR3687PEMO2
9046581,1,GIR3687PEMO2
9046571,1,GIR3687PEMO1
9111188,1,GIR3687PEMO1
9048685,1,GIR3687PEMO1
9048684,1,GIR3687PEMO1
9107221,1,GIR3687PEMO1
9048685,1,GIR3683PEMO6
9048684,1,GIR3683PEMO6
9092526,1,GIR3683PEMO6
9046570,1,GIR3683PEMO6
9048684,1,GIR3683PEMO5
9092526,1,GIR3683PEMO5
9046570,1,GIR3683PEMO5
9048685,1,GIR3683PEMO5
9048685,1,GIR3683PEMO4
9048684,1,GIR3683PEMO4
9092526,1,GIR3683PEMO4
9046570,1,GIR3683PEMO4
9048685,1,GIR3683PEMO3
9048684,1,GIR3683PEMO3
9046565,1,GIR3683PEMO3
9109319,1,GIR3683PEMO3
9048684,1,GIR3683PEMO2
9109319,1,GIR3683PEMO2
9048685,1,GIR3683PEMO2
9046568,1,GIR3683PEMO2
9048684,1,GIR3683PEMO1
9048685,1,GIR3683PEMO1
9109319,1,GIR3683PEMO1
9046565,1,GIR3683PEMO1
9048684,1,GIR3679PEMO6
9048685,1,GIR3679PEMO6
9048684,1,GIR3679PEMO5
9048685,1,GIR3679PEMO5
9048684,1,GIR3679PEMO4
9048685,1,GIR3679PEMO4
9048684,1,GIR3679PEMO3
9104395,1,GIR3679PEMO3
9048685,1,GIR3679PEMO3
9048685,1,GIR3679PEMO2
9048684,1,GIR3679PEMO2
9104395,1,GIR3679PEMO2
9048685,1,GIR3679PEMO1
9048684,1,GIR3679PEMO1
9104395,1,GIR3679PEMO1
9048685,1,GIR3675PEMO6
9048684,1,GIR3675PEMO6
9048685,1,GIR3675PEMO5
9048684,1,GIR3675PEMO5
9048685,1,GIR3675PEMO4
9048684,1,GIR3675PEMO4
9104395,1,GIR3675PEMO3
9048685,1,GIR3675PEMO3
9048684,1,GIR3675PEMO3
9048685,1,GIR3675PEMO2
9048684,1,GIR3675PEMO2
9104395,1,GIR3675PEMO2
9048684,1,GIR3675PEMO1
9104395,1,GIR3675PEMO1
9048685,1,GIR3675PEMO1
9048685,1,GIR3625PEMO9
9048684,1,GIR3625PEMO9
9048684,1,GIR3625PEMO8
9048685,1,GIR3625PEMO8
9048685,1,GIR3625PEMO7
9048684,1,GIR3625PEMO7
9048685,1,GIR3625PEMO6
9048684,1,GIR3625PEMO6
9084512,1,GIR3625PEMO6
9084510,1,GIR3625PEMO6
9048684,1,GIR3625PEMO5
9084512,1,GIR3625PEMO5
9084510,1,GIR3625PEMO5
9048685,1,GIR3625PEMO5
9048685,1,GIR3625PEMO4
9048684,1,GIR3625PEMO4
9084512,1,GIR3625PEMO4
9084510,1,GIR3625PEMO4
9048685,1,GIR3625PEMO3
9048684,1,GIR3625PEMO3
9084512,1,GIR3625PEMO3
9084510,1,GIR3625PEMO3
9048685,1,GIR3625PEMO2
9048684,1,GIR3625PEMO2
9063587,1,GIR3625PEMO2
9084512,1,GIR3625PEMO2
9048685,1,GIR3625PEMO11
9048684,1,GIR3625PEMO11
9048685,1,GIR3625PEMO10
9048684,1,GIR3625PEMO10
9048685,1,GIR3625PEMO1
9048684,1,GIR3625PEMO1
9063587,1,GIR3625PEMO1
9084510,1,GIR3625PEMO1
9111188,1,GIR3587PEMO3
9107221,1,GIR3587PEMO3
9048685,1,GIR3587PEMO3
9048684,1,GIR3587PEMO3
9046571,1,GIR3587PEMO3
9048685,1,GIR3587PEMO2
9048684,1,GIR3587PEMO2
9046571,1,GIR3587PEMO2
9111188,1,GIR3587PEMO2
9107221,1,GIR3587PEMO2
9048685,1,GIR3587PEMO1
9048684,1,GIR3587PEMO1
9111188,1,GIR3587PEMO1
9046581,1,GIR3587PEMO1
9107221,1,GIR3587PEMO1
9048685,1,GIR3583PEMO6
9048684,1,GIR3583PEMO6
9092526,1,GIR3583PEMO6
9046570,1,GIR3583PEMO6
9048685,1,GIR3583PEMO5
9048684,1,GIR3583PEMO5
9092526,1,GIR3583PEMO5
9046570,1,GIR3583PEMO5
9048685,1,GIR3583PEMO4
9048684,1,GIR3583PEMO4
9092526,1,GIR3583PEMO4
9046570,1,GIR3583PEMO4
9109319,1,GIR3583PEMO3
9048685,1,GIR3583PEMO3
9048684,1,GIR3583PEMO3
9046565,1,GIR3583PEMO3
9046568,1,GIR3583PEMO2
9109319,1,GIR3583PEMO2
9048685,1,GIR3583PEMO2
9048684,1,GIR3583PEMO2
9048685,1,GIR3583PEMO1
9048684,1,GIR3583PEMO1
9046568,1,GIR3583PEMO1
9109319,1,GIR3583PEMO1
9048685,1,GIR3579PEMO6
9048684,1,GIR3579PEMO6
9048685,1,GIR3579PEMO5
9048684,1,GIR3579PEMO5
9048685,1,GIR3579PEMO4
9048684,1,GIR3579PEMO4
9048685,1,GIR3579PEMO3
9048684,1,GIR3579PEMO3
9104395,1,GIR3579PEMO3
9048685,1,GIR3579PEMO2
9048684,1,GIR3579PEMO2
9104395,1,GIR3579PEMO2
9048684,1,GIR3579PEMO1
9104395,1,GIR3579PEMO1
9048685,1,GIR3579PEMO1
9048685,1,GIR3575PEMO6
9048684,1,GIR3575PEMO6
9048685,1,GIR3575PEMO5
9048684,1,GIR3575PEMO5
9048685,1,GIR3575PEMO4
9048684,1,GIR3575PEMO4
9048684,1,GIR3575PEMO3
9104395,1,GIR3575PEMO3
9048685,1,GIR3575PEMO3
9048684,1,GIR3575PEMO2
9104395,1,GIR3575PEMO2
9048685,1,GIR3575PEMO2
9048684,1,GIR3575PEMO1
9104395,1,GIR3575PEMO1
9048685,1,GIR3575PEMO1
9048685,1,GIR3525PEMO9
9048684,1,GIR3525PEMO9
9048685,1,GIR3525PEMO8
9048684,1,GIR3525PEMO8
9048685,1,GIR3525PEMO7
9048684,1,GIR3525PEMO7
9084512,1,GIR3525PEMO6
9084510,1,GIR3525PEMO6
9048685,1,GIR3525PEMO6
9048684,1,GIR3525PEMO6
9048685,1,GIR3525PEMO5
9048684,1,GIR3525PEMO5
9084512,1,GIR3525PEMO5
9084510,1,GIR3525PEMO5
9048685,1,GIR3525PEMO4
9048684,1,GIR3525PEMO4
9084512,1,GIR3525PEMO4
9084510,1,GIR3525PEMO4
9084512,1,GIR3525PEMO3
9084510,1,GIR3525PEMO3
9048685,1,GIR3525PEMO3
9048684,1,GIR3525PEMO3
9048685,1,GIR3525PEMO2
9084512,1,GIR3525PEMO2
9048684,1,GIR3525PEMO2
9063587,1,GIR3525PEMO2
9048684,1,GIR3525PEMO11
9048685,1,GIR3525PEMO11
9048684,1,GIR3525PEMO10
9048685,1,GIR3525PEMO10
9048685,1,GIR3525PEMO1
9048684,1,GIR3525PEMO1
9063587,1,GIR3525PEMO1
9084510,1,GIR3525PEMO1
9048685,1,GIR3487PEMO3
9048684,1,GIR3487PEMO3
9111188,1,GIR3487PEMO3
9046581,1,GIR3487PEMO3
9107221,1,GIR3487PEMO3
9048684,1,GIR3487PEMO2
9107221,1,GIR3487PEMO2
9048685,1,GIR3487PEMO2
9046581,1,GIR3487PEMO2
9111188,1,GIR3487PEMO2
9048685,1,GIR3487PEMO1
9046581,1,GIR3487PEMO1
9048684,1,GIR3487PEMO1
9111188,1,GIR3487PEMO1
9107221,1,GIR3487PEMO1
9048684,1,GIR3483PEMO6
9048685,1,GIR3483PEMO6
9092526,1,GIR3483PEMO6
9046570,1,GIR3483PEMO6
9048684,1,GIR3483PEMO5
9092526,1,GIR3483PEMO5
9048685,1,GIR3483PEMO5
9046570,1,GIR3483PEMO5
9092526,1,GIR3483PEMO4
9048684,1,GIR3483PEMO4
9048685,1,GIR3483PEMO4
9046570,1,GIR3483PEMO4
9109319,1,GIR3483PEMO3
9046568,1,GIR3483PEMO3
9048684,1,GIR3483PEMO3
9048685,1,GIR3483PEMO3
9109319,1,GIR3483PEMO2
9046568,1,GIR3483PEMO2
9048684,1,GIR3483PEMO2
9048685,1,GIR3483PEMO2
9048684,1,GIR3483PEMO1
9109319,1,GIR3483PEMO1
9046568,1,GIR3483PEMO1
9048685,1,GIR3483PEMO1
9048685,1,GIR3479PEMO6
9048684,1,GIR3479PEMO6
9048685,1,GIR3479PEMO5
9048684,1,GIR3479PEMO5
9048684,1,GIR3479PEMO4
9048685,1,GIR3479PEMO4
9104395,1,GIR3479PEMO3
9048684,1,GIR3479PEMO3
9048685,1,GIR3479PEMO3
9048685,1,GIR3479PEMO2
9048684,1,GIR3479PEMO2
9104395,1,GIR3479PEMO2
9104395,1,GIR3479PEMO1
9048685,1,GIR3479PEMO1
9048684,1,GIR3479PEMO1
9048685,1,GIR3475PEMO6
9048684,1,GIR3475PEMO6
9048685,1,GIR3475PEMO5
9048684,1,GIR3475PEMO5
9048685,1,GIR3475PEMO4
9048684,1,GIR3475PEMO4
9048684,1,GIR3475PEMO3
9048685,1,GIR3475PEMO3
9104395,1,GIR3475PEMO3
9048685,1,GIR3475PEMO2
9104395,1,GIR3475PEMO2
9048684,1,GIR3475PEMO2
9048685,1,GIR3475PEMO1
9048685,1,GIR3425PEMO9
9048684,1,GIR3425PEMO9
9048684,1,GIR3425PEMO8
9048685,1,GIR3425PEMO8
9048684,1,GIR3425PEMO7
9048685,1,GIR3425PEMO7
9084512,1,GIR3425PEMO6
9084510,1,GIR3425PEMO6
9084512,1,GIR3425PEMO5
9084510,1,GIR3425PEMO5
9084512,1,GIR3425PEMO4
9084510,1,GIR3425PEMO4
9084512,1,GIR3425PEMO3
9084510,1,GIR3425PEMO3
9063587,1,GIR3425PEMO2
9084512,1,GIR3425PEMO2
9063587,1,GIR3425PEMO1
9084510,1,GIR3425PEMO1
